Model,Accuracy,AUC,Precision,Recall,F1,MCC,Training Time (s)
Logistic Regression,0.884,0.953176,0.8824701195219123,0.886,0.8842315369261478,0.768006144073729,0.1586451530456543
Decision Tree,0.81,0.81,0.8163265306122449,0.8,0.8080808080808081,0.6201240372124043,0.014233112335205078
KNN,0.721,0.786276,0.7297297297297297,0.702,0.7155963302752294,0.4423194700277037,0.016521215438842773
Naive Bayes,0.868,0.938876,0.8709677419354839,0.864,0.8674698795180723,0.7360235531305562,0.005244255065917969
Random Forest,0.872,0.949992,0.8734939759036144,0.87,0.8717434869739479,0.744005952071425,0.24311614036560059
XGBoost,0.873,0.946128,0.8635477582846004,0.886,0.8746298124383021,0.7462522759110947,0.14079904556274414
